Name,Mobile,Specialty,Location,Experience,User Rating,Available Days,Available Times,Longitude,Latitude
Kamrul Hasan,184,General Physician,Mirpur,15,5,"Monday, Wednesday, Friday",9 AM - 5 PM,73.9208541,33.1363923
Ariful Islam,184,General Physician,Jatrabari,10,3,"Tuesday, Thursday",9 AM - 5 PM,89.99942,23.24208
Michael Williams,184,Pediatrician,Chicago,12,4,"Wednesday, Saturday",9 AM - 5 PM,-87.632398,41.883229
Emily Davis,184,Orthopedic Surgeon,Houston,8,5,"Monday, Wednesday, Friday",9 AM - 5 PM,-95.3695062,29.7608026
Andrew Wilson,184,Neurologist,San Francisco,18,3,"Tuesday, Thursday",9 AM - 5 PM,-122.4201615,37.7800771
Olivia Brown,184,Gynecologist,Miami,17,4,"Monday, Wednesday, Friday",9 AM - 5 PM,-80.194702,25.775084
Ethan Taylor,184,Psychiatrist,Boston,9,3,"Wednesday, Sunday",9 AM - 5 PM,-71.0586293,42.3589942
Ava Anderson,184,Ophthalmologist,Dallas,1,5,"Tuesday, Thursday",9 AM - 5 PM,-96.7962148,32.7779765
Benjamin Thompson,184,ENT Specialist,Seattle,13,3,"Monday, Thursday, Saturday",9 AM - 5 PM,-122.33028,47.603229
Mia Garcia,184,Internal Medicine,Atlanta,7,3,"Friday, Sunday",9 AM - 5 PM,-84.391502,33.748547
